도로명,위도,경도
강변북로,37.530111035421676,127.07494280395375
강변역로2길,37.5368730775456,127.090633321216
강변역로4길,37.533859169330675,127.092598835384
광나루로,37.548010352158684,127.07072764024537
광나루로13길,37.54920052754043,127.06870353382963
광나루로17길,37.548580411277555,127.07267291540117
광나루로19길,37.549421848683366,127.0730432559669
광나루로20길,37.54528659179571,127.07401851326166
광나루로22가길,37.54594209755664,127.0757878860514
광나루로22길,37.545873619573754,127.07508603059614
광나루로22나길,37.54574589779604,127.07552503526749
광나루로24길,37.545140306618094,127.07759921409644
광나루로26길,37.54537306453285,127.07752636483387
광나루로28길,37.54518618630298,127.07855337742014
광나루로30가길,37.544133766105375,127.08312398100725
광나루로30길,37.54351978916005,127.08109502908535
광나루로30나길,37.54355931631323,127.08195807111
광장로,37.547810726567775,127.10518141281815
광장로1가길,37.54755970454936,127.1012776358184
광장로1길,37.5478853749772,127.10226559448361
광장로1나길,37.54863910307,127.10243100488965
광장로1다길,37.54933239649114,127.10265210467227
광장로3길,37.54776212098251,127.102938438439
광장로5길,37.5478606192818,127.1051543108875
구의강변로1길,37.530146686997966,127.08845277987683
구의로4길,37.54100015528969,127.09287057557242
구의로6길,37.54128779436459,127.09089244948908
구의로8길,37.5418136689562,127.09055843851883
구의로9길,37.54223668548633,127.08815138804734
군자로,37.55212905594045,127.07338324102659
군자로10길,37.548816519915555,127.07196657662854
군자로11길,37.550656101700945,127.07048182803882
군자로12길,37.551163890625546,127.07192933775468
군자로15길,37.55469452738846,127.073427492256
군자로17길,37.556353487899145,127.07710841232607
군자로2길,37.544735424230275,127.07192156198313
군자로3길,37.54448187367449,127.07034031528862
군자로4길,37.54546802811036,127.071953656795
군자로5길,37.54517031825432,127.06998442974113
군자로6길,37.54574051614657,127.07214652625895
군자로7길,37.546389235908926,127.06958187330106
군자로9길,37.549074842994564,127.07003362546546
긴고랑로,37.55911255311807,127.0910650782519
긴고랑로13길,37.56464400795399,127.08277874289196
긴고랑로14길,37.56059554488466,127.0806079234578
긴고랑로15길,37.563176016977415,127.08359898659566
긴고랑로16길,37.56008288637699,127.08189484728145
긴고랑로17길,37.5630833854775,127.08416799109408
긴고랑로19길,37.562416809022636,127.08455060810341
긴고랑로1길,37.56550001014553,127.07796720727961
긴고랑로25길,37.56108545753673,127.08589025471568
긴고랑로26길,37.55963536259232,127.08540012458555
긴고랑로27길,37.560832505302635,127.08622229987073
긴고랑로29길,37.56131186251223,127.08657740978131
긴고랑로30길,37.558487523854595,127.08692745603821
긴고랑로31길,37.56090486781092,127.08695703099515
긴고랑로33길,37.5603132723273,127.088012486819
긴고랑로35길,37.55980524688036,127.08841225286767
긴고랑로36길,37.557638870142185,127.09068169125091
긴고랑로37길,37.5599216177243,127.08973873877105
긴고랑로38길,37.55824762308407,127.09061635120237
긴고랑로39길,37.55978722675218,127.09140369574554
긴고랑로3길,37.565237799336245,127.07857790152678
긴고랑로40길,37.55780651320775,127.09217794621726
긴고랑로42길,37.558764302937675,127.09373951227978
긴고랑로44길,37.55909663428525,127.09482440872523
긴고랑로46가길,37.55888126901185,127.09524486227525
긴고랑로46길,37.5603317936843,127.09581703539367
긴고랑로46나길,37.559675991319466,127.095553882616
긴고랑로4길,37.56249169487035,127.07703027551496
긴고랑로5길,37.56499881084087,127.0792028299025
긴고랑로6길,37.56238447412142,127.07783652588287
긴고랑로7길,37.56516003800582,127.08007534995608
능동로,37.55509871872791,127.07803975973151
능동로10길,37.5355154356699,127.075402037711
능동로13길,37.5445068419292,127.06946403121259
능동로16길,37.54503348818502,127.07593121148255
능동로17길,37.54626698088983,127.07277603989094
능동로19길,37.54689544076746,127.07290711123406
능동로1길,37.532689618087005,127.06576914579199
능동로23길,37.55245033859392,127.07583571154775
능동로24길,37.55305704378106,127.08038067098954
능동로25길,37.553117752762496,127.075859018098
능동로27길,37.55439323630717,127.07649450230375
능동로32길,37.552822549948644,127.08481542882663
능동로34길,37.55438694896955,127.08291461222484
능동로36길,37.55530075921458,127.08197459286136
능동로37길,37.55857947092634,127.0781682082573
능동로38길,37.557690120374154,127.0807812282525
능동로39길,37.559023494709294,127.078366351343
능동로3가길,37.5334904514529,127.06575882930602
능동로3길,37.53435680292895,127.06392522882926
능동로3다길,37.532677185813384,127.06468545483494
능동로3라길,37.53434904732912,127.06518061228913
능동로3마길,37.53443828440654,127.0642233795284
능동로40길,37.55800780797503,127.08116650405462
능동로41길,37.56034305850667,127.07957607485282
능동로42길,37.55918147235795,127.08232698826033
능동로43길,37.561558781025894,127.08025879370365
능동로44길,37.56060585087211,127.08308784675384
능동로46길,37.56103136479955,127.08330466038973
능동로47길,37.5633696413801,127.08099154333556
능동로48가길,37.56274539007748,127.08583070990645
능동로48길,37.56218878561481,127.08425088852532
능동로49길,37.564746663339164,127.08203344448404
능동로50길,37.56409255164768,127.08423204954347
능동로5길,37.536713337166134,127.06623375703765
능동로6길,37.53421028318377,127.06864392901268
능동로9길,37.53827619027497,127.066990839066
답십리로80길,37.570978731607504,127.08194664949765
답십리로82길,37.57035710792587,127.08263655839492
답십리로84길,37.57025571182846,127.08380472963015
동일로,37.553819431881635,127.07092192854596
동일로10가길,37.53854814800318,127.063929972562
동일로10길,37.53833051505597,127.0633481669829
동일로10나길,37.538244756911574,127.06422505651305
동일로10다길,37.53778021679337,127.06434606696342
동일로16길,37.53897751898011,127.06398230450819
동일로18가길,37.53893445378928,127.06466365258935
동일로18길,37.53974896089592,127.06414773154277
동일로22길,37.54124610339186,127.0695643687724
동일로24길,37.54356607322016,127.06665685648264
동일로26길,37.5452258660756,127.06710091167973
동일로2길,37.53470529402165,127.0608351151455
동일로34길,37.54997062341956,127.06962606175804
동일로36길,37.55088832017858,127.06975132099666
동일로42길,37.55243257178305,127.07028889462985
동일로46길,37.553550014350115,127.07132161212652
동일로48길,37.55348610866485,127.07182839875804
동일로4길,37.53557191763114,127.06419531069399
동일로54길,37.5555689269603,127.07245881169572
동일로56가길,37.55493147294076,127.07289415644553
동일로56다길,37.55609619367282,127.07488675036993
동일로62길,37.55919541667766,127.0767349852354
동일로64길,37.56075520701305,127.07543546412818
동일로70길,37.56415476792806,127.07904534517412
동일로72길,37.56570141483323,127.07921081194638
동일로74길,37.56708092156001,127.07902781735257
동일로76가길,37.568900146310845,127.07991732439513
동일로76길,37.567843664045526,127.08123798702219
동일로76나길,37.568467665896996,127.0805196012299
동일로78길,37.56879954749292,127.08134545975267
동일로80길,37.57024395515622,127.08106311190907
뚝섬로,37.532195201965294,127.08505237833224
뚝섬로22가길,37.53510186651366,127.06309164680354
뚝섬로22길,37.53597412490454,127.0614110182663
뚝섬로23길,37.537104974062885,127.0656671946192
뚝섬로24길,37.53395710204994,127.06268957329058
뚝섬로25가길,37.53663636165547,127.0655550080674
뚝섬로25길,37.53656703054299,127.06521634278533
뚝섬로30가길,37.53506422626314,127.0655534075106
뚝섬로30길,37.53526151245763,127.06651626382624
뚝섬로32길,37.534612218363094,127.06692141054174
뚝섬로33길,37.53620239439895,127.07000067855716
뚝섬로34길,37.5334130076037,127.06950355885216
뚝섬로35길,37.535576143899405,127.07082000418963
뚝섬로36가길,37.531735939856205,127.07160017022329
뚝섬로43길,37.533858673010954,127.07703334281844
뚝섬로44길,37.53170367952961,127.07594581657446
뚝섬로46길,37.531004537457854,127.07649318647965
뚝섬로47길,37.533358297971674,127.07823580794032
뚝섬로49길,37.53424947610825,127.08012360754863
뚝섬로50길,37.531490288905395,127.07816385323576
뚝섬로51길,37.5351506314096,127.08190257722376
뚝섬로52가길,37.530981787229024,127.08074849428287
뚝섬로52길,37.53107973692351,127.07907581046767
뚝섬로52나길,37.53045677873234,127.08063920785426
뚝섬로52다길,37.52991240698418,127.08081676817416
뚝섬로52라길,37.52961783581194,127.07966954412979
뚝섬로52마길,37.52872868067134,127.08080967655354
뚝섬로54길,37.5313860681661,127.080704683017
뚝섬로57가길,37.5321905981893,127.08136197572922
뚝섬로66길,37.5336466464369,127.090330952324
뚝섬로67길,37.5346630594594,127.091159245593
면목로,37.556172413839334,127.075881503185
면목로13길,37.56966072003219,127.0820228649208
면목로15길,37.56924504548699,127.08174005428103
면목로16길,37.5693484819112,127.08341765398157
면목로1길,37.554760606268744,127.07419914820413
면목로4길,37.555677557270116,127.07634325232328
면목로6길,37.556071766176466,127.07646040245201
면목로9길,37.56094811726474,127.07616858325814
아차산로,37.53802825419708,127.07766014659934
아차산로22길,37.54045338315566,127.06408465877892
아차산로24길,37.54063283366229,127.0651524815125
아차산로26길,37.53983291053235,127.06527197527818
아차산로28길,37.53978152004101,127.0663365378787
아차산로29길,37.54381694735405,127.06928484721932
아차산로30길,37.540004087130775,127.06775244160018
아차산로31길,37.54204593664307,127.06972706476968
아차산로33길,37.54252865288913,127.07075248452296
아차산로38길,37.53774631532834,127.07474956942943
아차산로39가길,37.53911838403421,127.0763938828911
아차산로39길,37.53893249600715,127.07609921281076
아차산로40길,37.53574522873906,127.0779467414107
아차산로41가길,37.53884890432845,127.07781726721419
아차산로41길,37.538389403958405,127.07878659104179
아차산로44가길,37.53555592242897,127.07957175550433
아차산로44길,37.53647387249427,127.07979896737466
아차산로45길,37.53780956019162,127.08048791384836
아차산로46가길,37.536290750045104,127.08153809848382
아차산로46길,37.53543969547584,127.0803245911106
아차산로49길,37.53956816166239,127.08437683867933
아차산로51길,37.53960043443108,127.08513642503881
아차산로53길,37.53956947463241,127.08587230371266
아차산로55길,37.53961403494913,127.08671769010117
아차산로57길,37.53913165694335,127.08815192549494
아차산로73길,37.54626678503342,127.1034343230679
아차산로75길,37.546458273511035,127.10386660117916
아차산로76가길,37.547205973291625,127.10745949634125
아차산로78길,37.54867375773627,127.10938954794999
영화사로,37.55238592856235,127.10065542350699
영화사로16가길,37.5533896419244,127.096111631491
영화사로16길,37.5535418971947,127.09616482849901
영화사로16나길,37.55343121824,127.096504046205
영화사로1길,37.55837305973757,127.08974741867972
영화사로3가길,37.55762313573695,127.09325178524118
영화사로3길,37.55795545123339,127.09134731669563
영화사로5길,37.55753403533211,127.0927494809161
영화사로7길,37.55605509480915,127.092288011194
용마산로12길,37.56092044254137,127.087947102942
용마산로14길,37.56115778491087,127.087839708143
용마산로16길,37.56207098831853,127.08765991330567
용마산로18길,37.56244713272858,127.0876807876172
용마산로1길,37.55508991192425,127.08687266979207
용마산로22길,37.56427143894284,127.0876809930716
용마산로34길,37.5699952251248,127.087728438493
용마산로4길,37.55641753734859,127.08951865605343
용마산로5길,37.55750039885617,127.08557361715098
용마산로6길,37.557500743930305,127.08869149683952
용마산로7길,37.55938679431008,127.08622132783074
용마산로8가길,37.56005646796222,127.09012258215456
워커힐로,37.5505338924487,127.10177455316449
자양강변길,37.52922768183103,127.07739056609434
자양로,37.547022290745325,127.08795854026967
자양로11길,37.5336175732528,127.08223064254926
자양로13가길,37.53472986511214,127.08124241505094
자양로13길,37.53305235543424,127.08050065132105
자양로13나길,37.53404707234566,127.07996827736386
자양로13다길,37.53285407849794,127.07878422457958
자양로18길,37.538216466041774,127.08666734397526
자양로19가길,37.53880416165636,127.08043146621092
자양로22길,37.53971319727915,127.08423919683884
자양로23나길,37.54227354659061,127.08209102360566
자양로25길,37.54160973604967,127.08327479416766
자양로26길,37.54124947446393,127.086262168546
자양로30길,37.54293362854978,127.08880709123524
자양로32길,37.54405567826494,127.08789464255923
자양로33길,37.547771341434995,127.0864747073545
자양로34길,37.5458042623223,127.0873205472047
자양로35길,37.547774168040576,127.08627443648241
자양로36길,37.54640283009916,127.08799599804065
자양로37가길,37.54759204528161,127.08706454762573
자양로37길,37.548408752425466,127.08675014053168
자양로38길,37.54698556139861,127.0897062739684
자양로39길,37.5488935687759,127.0888448864146
자양로41길,37.54972942386881,127.08892376819846
자양로42길,37.548594710949516,127.09161170905013
자양로43길,37.55189349352092,127.09067858703247
자양로44가길,37.55064925245784,127.09421660822424
자양로44길,37.5508171606623,127.09190204923932
자양로44나길,37.55113418336662,127.09473949563589
자양로44다길,37.55080181577723,127.09564292881994
자양로45길,37.55515062653942,127.08995812522579
자양로4가길,37.53195015386796,127.08701975477814
자양로4길,37.531798181784204,127.08751753686765
자양로50가길,37.55294926183583,127.0940257195195
자양로50길,37.55214478829345,127.09398898868636
자양로51길,37.55356502915154,127.09287575072604
자양로52길,37.55300799195902,127.0941910381519
자양로53길,37.55610148790078,127.09055996704879
자양로9길,37.53333418021331,127.08266144821506
자양번영로,37.530978986620134,127.07489668052388
자양번영로11길,37.537169176743525,127.07514703397472
자양번영로12길,37.53699616594309,127.07725321408985
천호대로,37.55749856032472,127.0776635272555
천호대로101길,37.56076222101188,127.07533634990095
천호대로103길,37.55975307254987,127.07555436807333
천호대로104가길,37.55753132395541,127.07484816001347
천호대로104길,37.55768062946755,127.07540035242764
천호대로105길,37.55936188263752,127.07607989838966
천호대로107길,37.558264480184,127.078312794826
천호대로109길,37.55941599015088,127.08232756316569
천호대로111길,37.55740836457679,127.08246974844295
천호대로117길,37.55891934340525,127.08549418739257
천호대로119길,37.55793741059555,127.08582189035442
천호대로121길,37.5573412179538,127.08624669926066
천호대로123길,37.557460950602334,127.08660389559361
천호대로125길,37.55611882516775,127.08733269242329
천호대로127길,37.55386285081569,127.09003865868746
천호대로134길,37.548154061143215,127.08968633470583
